ACCOUNTS

onelab.inria.r2lab.admin 
  onelab.inria.thierry_parmentelat
  onelab.inria.nano_creaator
  onelab.inria.mohamed-naoufal_mahfoudi
  onelab.inria.thierry_turletti
onelab.inria.mario.script 
  onelab.inria.nano_creaator
onelab.upmc.mobicom.mobicom_demo 
  onelab.upmc.loic_baron
onelab.unicamp.wifisdn.slicesdn 
  onelab.unicamp.ramonrf
onelab.inria.oai.oai_b210 - onelab.inria.oai.b210 
  onelab.inria.thierry_turletti
onelab.inria.mario.maintenance 
  onelab.inria.nano_creaator
onelab.inria.testwd.walidtest - onelab.inria.walid.demo 
  onelab.inria.walid_dabbous
  onelab.inria.thierry_parmentelat
onelab.inria.oai.oai_build - onelab.inria.oai.build 
  onelab.inria.thierry_turletti
  onelab.inria.thierry_parmentelat
onelab.upmc.ieee.infocom2016 
  onelab.upmc.loic_baron
onelab.inria.r2lab.nightly 
  onelab.inria.thierry_parmentelat
  onelab.inria.nano_creaator
  onelab.inria.thierry_turletti
  onelab.inria.mohamed-naoufal_mahfoudi
onelab.wifi_sdn.experiment_wifi - onelab.inria.wifi.sdn 
  onelab.inria.eric_fleury
onelab.inria.iotlab.iotlab_slice 
  onelab.myslice
  onelab.inria.frederic_saint-marcel
  onelab.aul.hani_fawal
  onelab.iii.lflee
  onelab.inria.eric_fleury
onelab.inria.oai.skype 
  onelab.myslice
  onelab.inria.thierry_parmentelat
  onelab.inria.thierry_turletti
  onelab.eurecomple.navid_nikaein
onelab.anas_first.ping_example - onelab.inria.anas.ping 
  onelab.myslice
  onelab.inria.anas_elankouri
onelab.routing.test_routing - onelab.inria.farzaneh.routing 
  onelab.myslice
  onelab.inria.farzaneh_pakzad
onelab.inria.r2lab.mesh - onelab.inria.naoufal.mesh 
  onelab.myslice
  onelab.inria.thierry_parmentelat
  onelab.inria.farzaneh_pakzad
  onelab.inria.nano_creaator
  onelab.inria.thierry_turletti
  onelab.inria.mohamed-naoufal_mahfoudi
  onelab.eurecomple.florian_kaltenberger
# added manually (in migrate.py) as they had no user inside in the omf db..
onelab.inria.r2lab.tutorial
onelab.inria.naoufal.mesh
onelab.upmc.pltutorial.emulation  
# renamings for the leases to point to something
onelab.inria.mario.tutorial - onelab.inria.r2lab.tutorial
onelab.inria.r2lab.mario_test - onelab.inria.r2lab.tutorial
onelab.inria.r2lab.naoufal - onelab.inria.naoufal.mesh
onelab.inria.testwd.test2 - onelab.inria.walid.demo

USERS

onelab.inria.nano_creaator Mario Zancanaro mario-antonio.zancanaro@inria.fr
  onelab.inria.r2lab.mario_test
  onelab.inria.mario.script
  onelab.inria.r2lab.mesh
  onelab.r2lab.my_first_test_slice
  onelab.r2lab.nightly_routine
  onelab.inria.mario.maintenance
  onelab.inria.r2lab.admin
  onelab.inria.mario.tutorial
  onelab.inria.r2lab.nightly
onelab.inria.mohamed-naoufal_mahfoudi Mohamed-Naoufal Mahfoudi mohamed-naoufal.mahfoudi@inria.fr
  onelab.inria.r2lab.mario_test
  onelab.inria.r2lab.mesh
  onelab.r2lab.my_first_test_slice
  onelab.r2lab.nightly_routine
  onelab.inria.r2lab.admin
  onelab.inria.r2lab.naoufal
  onelab.inria.r2lab.nightly
onelab.inria.thierry_parmentelat Thierry Parmentelat thierry.parmentelat@inria.fr
  onelab.inria.r2lab.mario_test
  onelab.testwd.another_slice
  onelab.inria.thierry.admin1
  onelab.inria.oai.skype
  onelab.inria.r2lab.mesh
  onelab.r2lab.my_first_test_slice
  onelab.r2lab.nightly_routine
  onelab.inria.testwd.walidtest
  onelab.inria.r2lab.admin
  onelab.inria.mario.tutorial
  onelab.inria.r2lab.nightly
  onelab.inria.oai.oai_build
onelab.unicamp.ramonrf Ramon Fontes ramonreisfontes@gmail.com
  onelab.wifisdn.mysliceunicamp
  onelab.unicamp.wifisdn.slicesdn
onelab.inria.thierry_turletti Thierry Turletti thierry.turletti@inria.fr
  onelab.inria.oai.oai_b210
  onelab.inria.oai.skype
  onelab.inria.r2lab.mesh
  onelab.r2lab.my_first_test_slice
  onelab.r2lab.nightly_routine
  onelab.inria.r2lab.admin
  onelab.inria.r2lab.naoufal
  onelab.inria.r2lab.nightly
  onelab.inria.oai.oai_build
onelab.inria.walid_dabbous Walid Dabbous walid.dabbous@inria.fr
  onelab.testwd.another_slice
  onelab.inria.testwd.walidtest
onelab.inria.eric_fleury Eric Fleury eric.fleury@inria.fr
  onelab.wifi_sdn.experiment_wifi
  onelab.inria.iotlab.iotlab_slice
onelab.eurecomple.florian_kaltenberger Florian Kaltenberger florian.kaltenberger@eurecom.fr
  onelab.inria.r2lab.mesh
  onelab.r2lab.my_first_test_slice
onelab.inria.frederic_saint-marcel Frederic Saint-Marcel frederic.saint-marcel@inria.fr
  onelab.inria.iotlab.iotlab_slice
#onelab.aul.hani_fawal Hani Fawal I can't find any details for this person
  onelab.inria.iotlab.iotlab_slice
#onelab.iii.lflee I can't find any details for this person
  onelab.inria.iotlab.iotlab_slice
onelab.eurecomple.navid_nikaein Navid Nikaein navid.nikaein@eurecom.fr
  onelab.inria.oai.skype
onelab.inria.anas_elankouri Anas El-Ankouri anas.elankouri@gmail.com
  onelab.anas_first.ping_example
onelab.inria.farzaneh_pakzad Farzaneh Pazkad farzaneh.pazkad@inria.fr
  onelab.inria.r2lab.mesh
  onelab.routing.test_routing
onelab.upmc.radomir_klacza Radomir Klacza radomir.klacza@lip6.fr
  onelab.upmc.radomir4
  onelab.upmc.test2radomir
  onelab.upmc.rado_slice
  onelab.upmc.nitostest
  onelab.upmc.production_slice
  onelab.upmc.testmysqlice
#onelab.upmc.loic_baron 
  onelab.upmc.test.cloud
  onelab.upmc.apitest.spider
  onelab.upmc.apitest.slicex
#onelab.upmc.loic_baron 
  onelab.upmc.apitest.spider
  onelab.upmc.apitest.slicetest
  onelab.upmc.apitest.slicex
  onelab.upmc.apitest.slicey
onelab.upmc.loic_baron Loic Baron loic.baron@lip6.fr
  onelab.upmc.azeqsd.5test
  onelab.upmc.mobicom.mobicom_demo
  onelab.upmc.a64.bbb
  onelab.upmc.ieee.infocom2016
  onelab.upmc.ieee.testslice
  onelab.upmc.azeqsd.3test
  onelab.upmc.test.cloud
  onelab.upmc.azeqsd.2test
  onelab.upmc.12345.qsmldqlsm
  onelab.upmc.a64.aaa
  onelab.upmc.azeqsd.4test
